key,count,amount
Education,5348716,363871489.34000003
Entertainment,5761769,392086921.0299999
Financial,5136983,349151075.1400001
Food & Dining,5241246,356805269.48
Healthcare,5188822,353435969.79
Retail,5141124,349743010.4
Services,4671267,318174555.31
Technology,5029520,342957084.51000005
Travel,5658481,385095323.9
Utilities,4727643,321352158.34000003
