cohort,0,1
2025-04,179.65615507146074,93.61282893303492
