key,count,amount
Monday,8542500,581077690.5699999
Tuesday,8542500,581572517.26
Wednesday,8542500,581989016.9599999
Thursday,6834000,465203747.01000005
Friday,6834000,464963588.3799999
Saturday,6834000,465056030.5299999
Sunday,6834000,464893693.8899999
