key,count,amount
2025-04,41004000,2790555381.4599996
2025-05,11959500,814200903.1399999
